gender;race/ethnicity;parental level of education;lunch;test preparation course;test prep course;math score;reading score;writing score;math;reading;writing;math grade;reading grade;writing grade
female;group B;bachelor's degree;standard;none;0;72;72;74;70-79;70-79;70-79;C;C;C
female;group C;some college;standard;completed;1;69;90;88;60-69;90-100;80-89;D;A;B
female;group B;master's degree;standard;none;0;90;95;93;90-100;90-100;90-100;A;A;A
male;group A;associate's degree;free/reduced;none;0;47;57;44;0-59;0-59;0-59;F;F;F
male;group C;some college;standard;none;0;76;78;75;70-79;70-79;70-79;C;C;C
female;group B;associate's degree;standard;none;0;71;83;78;70-79;80-89;70-79;C;B;C
female;group B;some college;standard;completed;1;88;95;92;80-89;90-100;90-100;B;A;A
male;group B;some college;free/reduced;none;0;40;43;39;0-59;0-59;0-59;F;F;F
male;group D;high school;free/reduced;completed;1;64;64;67;60-69;60-69;60-69;D;D;D
female;group B;high school;free/reduced;none;0;38;60;50;0-59;60-69;0-59;F;D;F
male;group C;associate's degree;standard;none;0;58;54;52;0-59;0-59;0-59;F;F;F
male;group D;associate's degree;standard;none;0;40;52;43;0-59;0-59;0-59;F;F;F
female;group B;high school;standard;none;0;65;81;73;60-69;80-89;70-79;D;B;C
male;group A;some college;standard;completed;1;78;72;70;70-79;70-79;70-79;C;C;C
female;group A;master's degree;standard;none;0;50;53;58;0-59;0-59;0-59;F;F;F
female;group C;some high school;standard;none;0;69;75;78;60-69;70-79;70-79;D;C;C
male;group C;high school;standard;none;0;88;89;86;80-89;80-89;80-89;B;B;B
female;group B;some high school;free/reduced;none;0;18;32;28;0-59;0-59;0-59;F;F;F
male;group C;master's degree;free/reduced;completed;1;46;42;46;0-59;0-59;0-59;F;F;F
female;group C;associate's degree;free/reduced;none;0;54;58;61;0-59;0-59;60-69;F;F;D
male;group D;high school;standard;none;0;66;69;63;60-69;60-69;60-69;D;D;D
female;group B;some college;free/reduced;completed;1;65;75;70;60-69;70-79;70-79;D;C;C
male;group D;some college;standard;none;0;44;54;53;0-59;0-59;0-59;F;F;F
female;group C;some high school;standard;none;0;69;73;73;60-69;70-79;70-79;D;C;C
male;group D;bachelor's degree;free/reduced;completed;1;74;71;80;70-79;70-79;80-89;C;C;B
male;group A;master's degree;free/reduced;none;0;73;74;72;70-79;70-79;70-79;C;C;C
male;group B;some college;standard;none;0;69;54;55;60-69;0-59;0-59;D;F;F
female;group C;bachelor's degree;standard;none;0;67;69;75;60-69;60-69;70-79;D;D;C
male;group C;high school;standard;none;0;70;70;65;70-79;70-79;60-69;C;C;D
female;group D;master's degree;standard;none;0;62;70;75;60-69;70-79;70-79;D;C;C
female;group D;some college;standard;none;0;69;74;74;60-69;70-79;70-79;D;C;C
female;group B;some college;standard;none;0;63;65;61;60-69;60-69;60-69;D;D;D
female;group E;master's degree;free/reduced;none;0;56;72;65;0-59;70-79;60-69;F;C;D
male;group D;some college;standard;none;0;40;42;38;0-59;0-59;0-59;F;F;F
male;group E;some college;standard;none;0;97;87;82;90-100;80-89;80-89;A;B;B
male;group E;associate's degree;standard;completed;1;81;81;79;80-89;80-89;70-79;B;B;C
female;group D;associate's degree;standard;none;0;74;81;83;70-79;80-89;80-89;C;B;B
female;group D;some high school;free/reduced;none;0;50;64;59;0-59;60-69;0-59;F;D;F
female;group D;associate's degree;free/reduced;completed;1;75;90;88;70-79;90-100;80-89;C;A;B
male;group B;associate's degree;free/reduced;none;0;57;56;57;0-59;0-59;0-59;F;F;F
male;group C;associate's degree;free/reduced;none;0;55;61;54;0-59;60-69;0-59;F;D;F
female;group C;associate's degree;standard;none;0;58;73;68;0-59;70-79;60-69;F;C;D
female;group B;associate's degree;standard;none;0;53;58;65;0-59;0-59;60-69;F;F;D
male;group B;some college;free/reduced;completed;1;59;65;66;0-59;60-69;60-69;F;D;D
female;group E;associate's degree;free/reduced;none;0;50;56;54;0-59;0-59;0-59;F;F;F
male;group B;associate's degree;standard;none;0;65;54;57;60-69;0-59;0-59;D;F;F
female;group A;associate's degree;standard;completed;1;55;65;62;0-59;60-69;60-69;F;D;D
female;group C;high school;standard;none;0;66;71;76;60-69;70-79;70-79;D;C;C
female;group D;associate's degree;free/reduced;completed;1;57;74;76;0-59;70-79;70-79;F;C;C
male;group C;high school;standard;completed;1;82;84;82;80-89;80-89;80-89;B;B;B
male;group E;some college;standard;none;0;53;55;48;0-59;0-59;0-59;F;F;F
male;group E;associate's degree;free/reduced;completed;1;77;69;68;70-79;60-69;60-69;C;D;D
male;group C;some college;standard;none;0;53;44;42;0-59;0-59;0-59;F;F;F
male;group D;high school;standard;none;0;88;78;75;80-89;70-79;70-79;B;C;C
female;group C;some high school;free/reduced;completed;1;71;84;87;70-79;80-89;80-89;C;B;B
female;group C;high school;free/reduced;none;0;33;41;43;0-59;0-59;0-59;F;F;F
female;group E;associate's degree;standard;completed;1;82;85;86;80-89;80-89;80-89;B;B;B
male;group D;associate's degree;standard;none;0;52;55;49;0-59;0-59;0-59;F;F;F
male;group D;some college;standard;completed;1;58;59;58;0-59;0-59;0-59;F;F;F
female;group C;some high school;free/reduced;none;0;0;17;10;0-59;0-59;0-59;F;F;F
male;group E;bachelor's degree;free/reduced;completed;1;79;74;72;70-79;70-79;70-79;C;C;C
male;group A;some high school;free/reduced;none;0;39;39;34;0-59;0-59;0-59;F;F;F
male;group A;associate's degree;free/reduced;none;0;62;61;55;60-69;60-69;0-59;D;D;F
female;group C;associate's degree;standard;none;0;69;80;71;60-69;80-89;70-79;D;B;C
female;group D;some high school;standard;none;0;59;58;59;0-59;0-59;0-59;F;F;F
male;group B;some high school;standard;none;0;67;64;61;60-69;60-69;60-69;D;D;D
male;group D;some high school;free/reduced;none;0;45;37;37;0-59;0-59;0-59;F;F;F
female;group C;some college;standard;none;0;60;72;74;60-69;70-79;70-79;D;C;C
male;group B;associate's degree;free/reduced;none;0;61;58;56;60-69;0-59;0-59;D;F;F
female;group C;associate's degree;standard;none;0;39;64;57;0-59;60-69;0-59;F;D;F
female;group D;some college;free/reduced;completed;1;58;63;73;0-59;60-69;70-79;F;D;C
male;group D;some college;standard;completed;1;63;55;63;60-69;0-59;60-69;D;F;D
female;group A;associate's degree;free/reduced;none;0;41;51;48;0-59;0-59;0-59;F;F;F
male;group C;some high school;free/reduced;none;0;61;57;56;60-69;0-59;0-59;D;F;F
male;group C;some high school;standard;none;0;49;49;41;0-59;0-59;0-59;F;F;F
male;group B;associate's degree;free/reduced;none;0;44;41;38;0-59;0-59;0-59;F;F;F
male;group E;some high school;standard;none;0;30;26;22;0-59;0-59;0-59;F;F;F
male;group A;bachelor's degree;standard;completed;1;80;78;81;80-89;70-79;80-89;B;C;B
female;group D;some high school;standard;completed;1;61;74;72;60-69;70-79;70-79;D;C;C
female;group E;master's degree;standard;none;0;62;68;68;60-69;60-69;60-69;D;D;D
female;group B;associate's degree;standard;none;0;47;49;50;0-59;0-59;0-59;F;F;F
male;group B;high school;free/reduced;none;0;49;45;45;0-59;0-59;0-59;F;F;F
male;group A;some college;free/reduced;completed;1;50;47;54;0-59;0-59;0-59;F;F;F
male;group E;associate's degree;standard;none;0;72;64;63;70-79;60-69;60-69;C;D;D
male;group D;high school;free/reduced;none;0;42;39;34;0-59;0-59;0-59;F;F;F
female;group C;some college;standard;none;0;73;80;82;70-79;80-89;80-89;C;B;B
female;group C;some college;free/reduced;none;0;76;83;88;70-79;80-89;80-89;C;B;B
female;group D;associate's degree;standard;none;0;71;71;74;70-79;70-79;70-79;C;C;C
female;group A;some college;standard;none;0;58;70;67;0-59;70-79;60-69;F;C;D
female;group D;some high school;standard;none;0;73;86;82;70-79;80-89;80-89;C;B;B
female;group C;bachelor's degree;standard;none;0;65;72;74;60-69;70-79;70-79;D;C;C
male;group C;high school;free/reduced;none;0;27;34;36;0-59;0-59;0-59;F;F;F
male;group C;high school;standard;none;0;71;79;71;70-79;70-79;70-79;C;C;C
male;group C;associate's degree;free/reduced;completed;1;43;45;50;0-59;0-59;0-59;F;F;F
female;group B;some college;standard;none;0;79;86;92;70-79;80-89;90-100;C;B;A
male;group C;associate's degree;free/reduced;completed;1;78;81;82;70-79;80-89;80-89;C;B;B
male;group B;some high school;standard;completed;1;65;66;62;60-69;60-69;60-69;D;D;D
female;group E;some college;standard;completed;1;63;72;70;60-69;70-79;70-79;D;C;C
female;group D;some college;free/reduced;none;0;58;67;62;0-59;60-69;60-69;F;D;D
female;group D;bachelor's degree;standard;none;0;65;67;62;60-69;60-69;60-69;D;D;D
male;group B;some college;standard;none;0;79;67;67;70-79;60-69;60-69;C;D;D
male;group D;bachelor's degree;standard;completed;1;68;74;74;60-69;70-79;70-79;D;C;C
female;group D;associate's degree;standard;none;0;85;91;89;80-89;90-100;80-89;B;A;B
male;group B;high school;standard;completed;1;60;44;47;60-69;0-59;0-59;D;F;F
male;group C;some college;standard;completed;1;98;86;90;90-100;80-89;90-100;A;B;A
female;group C;some college;standard;none;0;58;67;72;0-59;60-69;70-79;F;D;C
female;group D;master's degree;standard;none;0;87;100;100;80-89;90-100;90-100;B;A;A
male;group E;associate's degree;standard;completed;1;66;63;64;60-69;60-69;60-69;D;D;D
female;group B;associate's degree;free/reduced;none;0;52;76;70;0-59;70-79;70-79;F;C;C
female;group B;some high school;standard;none;0;70;64;72;70-79;60-69;70-79;C;D;C
female;group D;associate's degree;free/reduced;completed;1;77;89;98;70-79;80-89;90-100;C;B;A
male;group C;high school;standard;none;0;62;55;49;60-69;0-59;0-59;D;F;F
male;group A;associate's degree;standard;none;0;54;53;47;0-59;0-59;0-59;F;F;F
female;group D;some college;standard;none;0;51;58;54;0-59;0-59;0-59;F;F;F
female;group E;bachelor's degree;standard;completed;1;99;100;100;90-100;90-100;90-100;A;A;A
male;group C;high school;standard;none;0;84;77;74;80-89;70-79;70-79;B;C;C
female;group B;bachelor's degree;free/reduced;none;0;75;85;82;70-79;80-89;80-89;C;B;B
female;group D;bachelor's degree;standard;none;0;78;82;79;70-79;80-89;70-79;C;B;C
female;group D;some high school;standard;none;0;51;63;61;0-59;60-69;60-69;F;D;D
female;group C;some college;standard;none;0;55;69;65;0-59;60-69;60-69;F;D;D
female;group C;bachelor's degree;standard;completed;1;79;92;89;70-79;90-100;80-89;C;A;B
male;group B;associate's degree;standard;completed;1;91;89;92;90-100;80-89;90-100;A;B;A
female;group C;some college;standard;completed;1;88;93;93;80-89;90-100;90-100;B;A;A
male;group D;high school;free/reduced;none;0;63;57;56;60-69;0-59;0-59;D;F;F
male;group E;some college;standard;none;0;83;80;73;80-89;80-89;70-79;B;B;C
female;group B;high school;standard;none;0;87;95;86;80-89;90-100;80-89;B;A;B
male;group B;some high school;standard;none;0;72;68;67;70-79;60-69;60-69;C;D;D
male;group D;some college;standard;completed;1;65;77;74;60-69;70-79;70-79;D;C;C
male;group D;master's degree;standard;none;0;82;82;74;80-89;80-89;70-79;B;B;C
female;group A;bachelor's degree;standard;none;0;51;49;51;0-59;0-59;0-59;F;F;F
male;group D;master's degree;standard;none;0;89;84;82;80-89;80-89;80-89;B;B;B
male;group C;some high school;free/reduced;completed;1;53;37;40;0-59;0-59;0-59;F;F;F
male;group E;some college;free/reduced;completed;1;87;74;70;80-89;70-79;70-79;B;C;C
female;group C;some college;standard;completed;1;75;81;84;70-79;80-89;80-89;C;B;B
male;group D;bachelor's degree;free/reduced;completed;1;74;79;75;70-79;70-79;70-79;C;C;C
male;group C;bachelor's degree;standard;none;0;58;55;48;0-59;0-59;0-59;F;F;F
male;group B;some high school;standard;completed;1;51;54;41;0-59;0-59;0-59;F;F;F
male;group E;high school;standard;none;0;70;55;56;70-79;0-59;0-59;C;F;F
female;group C;associate's degree;standard;none;0;59;66;67;0-59;60-69;60-69;F;D;D
male;group D;some college;standard;completed;1;71;61;69;70-79;60-69;60-69;C;D;D
female;group D;some high school;standard;none;0;76;72;71;70-79;70-79;70-79;C;C;C
female;group C;some college;free/reduced;none;0;59;62;64;0-59;60-69;60-69;F;D;D
female;group E;some college;free/reduced;completed;1;42;55;54;0-59;0-59;0-59;F;F;F
male;group A;high school;standard;none;0;57;43;47;0-59;0-59;0-59;F;F;F
male;group D;some college;standard;none;0;88;73;78;80-89;70-79;70-79;B;C;C
female;group C;some college;free/reduced;none;0;22;39;33;0-59;0-59;0-59;F;F;F
male;group B;some high school;standard;none;0;88;84;75;80-89;80-89;70-79;B;B;C
male;group C;associate's degree;free/reduced;none;0;73;68;66;70-79;60-69;60-69;C;D;D
female;group D;bachelor's degree;standard;completed;1;68;75;81;60-69;70-79;80-89;D;C;B
male;group E;associate's degree;free/reduced;completed;1;100;100;93;90-100;90-100;90-100;A;A;A
male;group A;some high school;standard;completed;1;62;67;69;60-69;60-69;60-69;D;D;D
male;group A;bachelor's degree;standard;none;0;77;67;68;70-79;60-69;60-69;C;D;D
female;group B;associate's degree;standard;completed;1;59;70;66;0-59;70-79;60-69;F;C;D
male;group D;bachelor's degree;standard;none;0;54;49;47;0-59;0-59;0-59;F;F;F
male;group D;some high school;standard;none;0;62;67;61;60-69;60-69;60-69;D;D;D
female;group C;some college;standard;completed;1;70;89;88;70-79;80-89;80-89;C;B;B
female;group E;high school;free/reduced;completed;1;66;74;78;60-69;70-79;70-79;D;C;C
male;group B;some college;free/reduced;none;0;60;60;60;60-69;60-69;60-69;D;D;D
female;group B;associate's degree;standard;completed;1;61;86;87;60-69;80-89;80-89;D;B;B
male;group D;associate's degree;free/reduced;none;0;66;62;64;60-69;60-69;60-69;D;D;D
male;group B;associate's degree;free/reduced;completed;1;82;78;74;80-89;70-79;70-79;B;C;C
female;group E;some college;free/reduced;completed;1;75;88;85;70-79;80-89;80-89;C;B;B
male;group B;master's degree;free/reduced;none;0;49;53;52;0-59;0-59;0-59;F;F;F
male;group C;high school;standard;none;0;52;53;49;0-59;0-59;0-59;F;F;F
female;group E;master's degree;standard;none;0;81;92;91;80-89;90-100;90-100;B;A;A
female;group C;bachelor's degree;standard;completed;1;96;100;100;90-100;90-100;90-100;A;A;A
male;group C;high school;free/reduced;completed;1;53;51;51;0-59;0-59;0-59;F;F;F
female;group B;master's degree;free/reduced;completed;1;58;76;78;0-59;70-79;70-79;F;C;C
female;group B;high school;standard;completed;1;68;83;78;60-69;80-89;70-79;D;B;C
female;group C;some college;free/reduced;completed;1;67;75;70;60-69;70-79;70-79;D;C;C
male;group A;high school;standard;completed;1;72;73;74;70-79;70-79;70-79;C;C;C
male;group E;some high school;standard;none;0;94;88;78;90-100;80-89;70-79;A;B;C
female;group D;some college;standard;none;0;79;86;81;70-79;80-89;80-89;C;B;B
female;group C;associate's degree;standard;none;0;63;67;70;60-69;60-69;70-79;D;D;C
female;group C;bachelor's degree;free/reduced;completed;1;43;51;54;0-59;0-59;0-59;F;F;F
female;group C;master's degree;standard;completed;1;81;91;87;80-89;90-100;80-89;B;A;B
female;group B;high school;free/reduced;completed;1;46;54;58;0-59;0-59;0-59;F;F;F
female;group C;associate's degree;standard;completed;1;71;77;77;70-79;70-79;70-79;C;C;C
female;group B;master's degree;free/reduced;completed;1;52;70;62;0-59;70-79;60-69;F;C;D
female;group D;some high school;standard;completed;1;97;100;100;90-100;90-100;90-100;A;A;A
male;group C;master's degree;free/reduced;completed;1;62;68;75;60-69;60-69;70-79;D;D;C
female;group C;some college;free/reduced;none;0;46;64;66;0-59;60-69;60-69;F;D;D
female;group E;high school;standard;none;0;50;50;47;0-59;0-59;0-59;F;F;F
female;group D;associate's degree;standard;none;0;65;69;70;60-69;60-69;70-79;D;D;C
male;group C;some high school;free/reduced;completed;1;45;52;49;0-59;0-59;0-59;F;F;F
male;group C;associate's degree;free/reduced;completed;1;65;67;65;60-69;60-69;60-69;D;D;D
male;group E;high school;standard;none;0;80;76;65;80-89;70-79;60-69;B;C;D
male;group D;some high school;standard;completed;1;62;66;68;60-69;60-69;60-69;D;D;D
male;group B;some high school;free/reduced;none;0;48;52;45;0-59;0-59;0-59;F;F;F
female;group C;bachelor's degree;standard;none;0;77;88;87;70-79;80-89;80-89;C;B;B
female;group E;associate's degree;standard;none;0;66;65;69;60-69;60-69;60-69;D;D;D
male;group D;some college;standard;completed;1;76;83;79;70-79;80-89;70-79;C;B;C
female;group B;some high school;standard;none;0;62;64;66;60-69;60-69;60-69;D;D;D
male;group D;some college;standard;completed;1;77;62;62;70-79;60-69;60-69;C;D;D
female;group C;master's degree;standard;completed;1;69;84;85;60-69;80-89;80-89;D;B;B
male;group D;associate's degree;standard;none;0;61;55;52;60-69;0-59;0-59;D;F;F
male;group C;some high school;free/reduced;completed;1;59;69;65;0-59;60-69;60-69;F;D;D
male;group E;high school;free/reduced;none;0;55;56;51;0-59;0-59;0-59;F;F;F
female;group B;some college;free/reduced;none;0;45;53;55;0-59;0-59;0-59;F;F;F
female;group B;bachelor's degree;free/reduced;none;0;78;79;76;70-79;70-79;70-79;C;C;C
female;group C;associate's degree;standard;completed;1;67;84;86;60-69;80-89;80-89;D;B;B
female;group D;some college;free/reduced;none;0;65;81;77;60-69;80-89;70-79;D;B;C
male;group C;associate's degree;standard;none;0;69;77;69;60-69;70-79;60-69;D;C;D
female;group B;associate's degree;standard;none;0;57;69;68;0-59;60-69;60-69;F;D;D
male;group C;some college;standard;none;0;59;41;42;0-59;0-59;0-59;F;F;F
male;group D;some high school;standard;completed;1;74;71;78;70-79;70-79;70-79;C;C;C
male;group E;bachelor's degree;standard;none;0;82;62;62;80-89;60-69;60-69;B;D;D
male;group E;high school;standard;completed;1;81;80;76;80-89;80-89;70-79;B;B;C
female;group B;some college;free/reduced;none;0;74;81;76;70-79;80-89;70-79;C;B;C
female;group B;some college;free/reduced;none;0;58;61;66;0-59;60-69;60-69;F;D;D
male;group D;some high school;free/reduced;completed;1;80;79;79;80-89;70-79;70-79;B;C;C
male;group C;some college;free/reduced;none;0;35;28;27;0-59;0-59;0-59;F;F;F
female;group C;high school;free/reduced;none;0;42;62;60;0-59;60-69;60-69;F;D;D
male;group C;associate's degree;free/reduced;completed;1;60;51;56;60-69;0-59;0-59;D;F;F
male;group E;high school;standard;completed;1;87;91;81;80-89;90-100;80-89;B;A;B
male;group B;some high school;standard;completed;1;84;83;75;80-89;80-89;70-79;B;B;C
female;group E;associate's degree;free/reduced;completed;1;83;86;88;80-89;80-89;80-89;B;B;B
female;group C;high school;free/reduced;none;0;34;42;39;0-59;0-59;0-59;F;F;F
male;group B;high school;free/reduced;none;0;66;77;70;60-69;70-79;70-79;D;C;C
male;group B;some high school;standard;completed;1;61;56;56;60-69;0-59;0-59;D;F;F
female;group D;high school;standard;completed;1;56;68;74;0-59;60-69;70-79;F;D;C
male;group B;associate's degree;standard;none;0;87;85;73;80-89;80-89;70-79;B;B;C
female;group C;some high school;free/reduced;none;0;55;65;62;0-59;60-69;60-69;F;D;D
male;group D;some high school;standard;none;0;86;80;75;80-89;80-89;70-79;B;B;C
female;group B;associate's degree;standard;completed;1;52;66;73;0-59;60-69;70-79;F;D;C
female;group E;master's degree;free/reduced;none;0;45;56;54;0-59;0-59;0-59;F;F;F
female;group C;some college;standard;none;0;72;72;71;70-79;70-79;70-79;C;C;C
male;group D;high school;standard;none;0;57;50;54;0-59;0-59;0-59;F;F;F
male;group A;some high school;free/reduced;none;0;68;72;64;60-69;70-79;60-69;D;C;D
female;group C;some college;standard;completed;1;88;95;94;80-89;90-100;90-100;B;A;A
male;group D;some college;standard;none;0;76;64;66;70-79;60-69;60-69;C;D;D
male;group C;associate's degree;standard;none;0;46;43;42;0-59;0-59;0-59;F;F;F
female;group B;bachelor's degree;standard;none;0;67;86;83;60-69;80-89;80-89;D;B;B
male;group E;some high school;standard;none;0;92;87;78;90-100;80-89;70-79;A;B;C
male;group C;bachelor's degree;standard;completed;1;83;82;84;80-89;80-89;80-89;B;B;B
male;group D;associate's degree;standard;none;0;80;75;77;80-89;70-79;70-79;B;C;C
male;group D;bachelor's degree;free/reduced;none;0;63;66;67;60-69;60-69;60-69;D;D;D
female;group D;some high school;standard;completed;1;64;60;74;60-69;60-69;70-79;D;D;C
male;group B;some college;standard;none;0;54;52;51;0-59;0-59;0-59;F;F;F
male;group C;associate's degree;standard;none;0;84;80;80;80-89;80-89;80-89;B;B;B
male;group D;high school;free/reduced;completed;1;73;68;66;70-79;60-69;60-69;C;D;D
female;group E;bachelor's degree;standard;none;0;80;83;83;80-89;80-89;80-89;B;B;B
female;group D;high school;standard;none;0;56;52;55;0-59;0-59;0-59;F;F;F
male;group E;some college;standard;none;0;59;51;43;0-59;0-59;0-59;F;F;F
male;group D;some high school;standard;none;0;75;74;69;70-79;70-79;60-69;C;C;D
male;group C;associate's degree;standard;none;0;85;76;71;80-89;70-79;70-79;B;C;C
male;group E;associate's degree;standard;none;0;89;76;74;80-89;70-79;70-79;B;C;C
female;group B;high school;standard;completed;1;58;70;68;0-59;70-79;60-69;F;C;D
female;group B;high school;standard;none;0;65;64;62;60-69;60-69;60-69;D;D;D
male;group C;high school;standard;none;0;68;60;53;60-69;60-69;0-59;D;D;F
male;group A;some high school;standard;completed;1;47;49;49;0-59;0-59;0-59;F;F;F
female;group D;some college;free/reduced;none;0;71;83;83;70-79;80-89;80-89;C;B;B
female;group B;some high school;standard;completed;1;60;70;70;60-69;70-79;70-79;D;C;C
male;group D;master's degree;standard;none;0;80;80;72;80-89;80-89;70-79;B;B;C
male;group D;high school;standard;none;0;54;52;52;0-59;0-59;0-59;F;F;F
female;group E;some college;standard;none;0;62;73;70;60-69;70-79;70-79;D;C;C
female;group C;associate's degree;free/reduced;none;0;64;73;68;60-69;70-79;60-69;D;C;D
male;group C;associate's degree;standard;completed;1;78;77;77;70-79;70-79;70-79;C;C;C
female;group B;some college;standard;none;0;70;75;78;70-79;70-79;70-79;C;C;C
female;group C;master's degree;free/reduced;completed;1;65;81;81;60-69;80-89;80-89;D;B;B
female;group C;some high school;free/reduced;completed;1;64;79;77;60-69;70-79;70-79;D;C;C
male;group C;some college;standard;completed;1;79;79;78;70-79;70-79;70-79;C;C;C
female;group C;some high school;free/reduced;none;0;44;50;51;0-59;0-59;0-59;F;F;F
female;group E;high school;standard;none;0;99;93;90;90-100;90-100;90-100;A;A;A
male;group D;high school;standard;none;0;76;73;68;70-79;70-79;60-69;C;C;D
male;group D;some high school;free/reduced;none;0;59;42;41;0-59;0-59;0-59;F;F;F
female;group C;bachelor's degree;standard;none;0;63;75;81;60-69;70-79;80-89;D;C;B
female;group D;high school;standard;none;0;69;72;77;60-69;70-79;70-79;D;C;C
female;group D;associate's degree;standard;completed;1;88;92;95;80-89;90-100;90-100;B;A;A
female;group E;some college;free/reduced;none;0;71;76;70;70-79;70-79;70-79;C;C;C
male;group C;bachelor's degree;standard;none;0;69;63;61;60-69;60-69;60-69;D;D;D
male;group C;some college;standard;none;0;58;49;42;0-59;0-59;0-59;F;F;F
female;group D;associate's degree;free/reduced;none;0;47;53;58;0-59;0-59;0-59;F;F;F
female;group D;some college;standard;none;0;65;70;71;60-69;70-79;70-79;D;C;C
male;group B;some college;standard;completed;1;88;85;76;80-89;80-89;70-79;B;B;C
male;group C;bachelor's degree;standard;none;0;83;78;73;80-89;70-79;70-79;B;C;C
female;group C;some high school;standard;completed;1;85;92;93;80-89;90-100;90-100;B;A;A
female;group E;high school;standard;completed;1;59;63;75;0-59;60-69;70-79;F;D;C
female;group C;some high school;free/reduced;none;0;65;86;80;60-69;80-89;80-89;D;B;B
male;group B;bachelor's degree;free/reduced;none;0;73;56;57;70-79;0-59;0-59;C;F;F
male;group D;high school;standard;none;0;53;52;42;0-59;0-59;0-59;F;F;F
male;group D;high school;standard;none;0;45;48;46;0-59;0-59;0-59;F;F;F
female;group D;bachelor's degree;free/reduced;none;0;73;79;84;70-79;70-79;80-89;C;C;B
female;group D;some college;free/reduced;completed;1;70;78;78;70-79;70-79;70-79;C;C;C
female;group B;some high school;standard;none;0;37;46;46;0-59;0-59;0-59;F;F;F
male;group B;associate's degree;standard;completed;1;81;82;82;80-89;80-89;80-89;B;B;B
male;group E;associate's degree;standard;completed;1;97;82;88;90-100;80-89;80-89;A;B;B
female;group B;some high school;standard;none;0;67;89;82;60-69;80-89;80-89;D;B;B
male;group B;bachelor's degree;free/reduced;none;0;88;75;76;80-89;70-79;70-79;B;C;C
male;group E;some high school;standard;completed;1;77;76;77;70-79;70-79;70-79;C;C;C
male;group C;associate's degree;standard;none;0;76;70;68;70-79;70-79;60-69;C;C;D
male;group D;some high school;standard;none;0;86;73;70;80-89;70-79;70-79;B;C;C
male;group C;some high school;standard;completed;1;63;60;57;60-69;60-69;0-59;D;D;F
female;group E;bachelor's degree;standard;none;0;65;73;75;60-69;70-79;70-79;D;C;C
male;group D;high school;free/reduced;completed;1;78;77;80;70-79;70-79;80-89;C;C;B
male;group B;associate's degree;free/reduced;none;0;67;62;60;60-69;60-69;60-69;D;D;D
male;group A;some high school;standard;completed;1;46;41;43;0-59;0-59;0-59;F;F;F
male;group E;associate's degree;standard;completed;1;71;74;68;70-79;70-79;60-69;C;C;D
male;group C;high school;free/reduced;completed;1;40;46;50;0-59;0-59;0-59;F;F;F
male;group D;associate's degree;free/reduced;none;0;90;87;75;90-100;80-89;70-79;A;B;C
male;group A;some college;free/reduced;completed;1;81;78;81;80-89;70-79;80-89;B;C;B
male;group D;some high school;free/reduced;none;0;56;54;52;0-59;0-59;0-59;F;F;F
female;group C;associate's degree;standard;completed;1;67;84;81;60-69;80-89;80-89;D;B;B
male;group B;associate's degree;standard;none;0;80;76;64;80-89;70-79;60-69;B;C;D
female;group C;associate's degree;standard;completed;1;74;75;83;70-79;70-79;80-89;C;C;B
male;group A;some college;standard;none;0;69;67;69;60-69;60-69;60-69;D;D;D
male;group E;some college;standard;completed;1;99;87;81;90-100;80-89;80-89;A;B;B
male;group C;some high school;standard;none;0;51;52;44;0-59;0-59;0-59;F;F;F
female;group B;associate's degree;free/reduced;none;0;53;71;67;0-59;70-79;60-69;F;C;D
female;group D;high school;free/reduced;none;0;49;57;52;0-59;0-59;0-59;F;F;F
female;group B;associate's degree;standard;none;0;73;76;80;70-79;70-79;80-89;C;C;B
male;group B;bachelor's degree;standard;none;0;66;60;57;60-69;60-69;0-59;D;D;F
male;group D;bachelor's degree;standard;completed;1;67;61;68;60-69;60-69;60-69;D;D;D
female;group C;associate's degree;free/reduced;completed;1;68;67;69;60-69;60-69;60-69;D;D;D
female;group C;bachelor's degree;standard;completed;1;59;64;75;0-59;60-69;70-79;F;D;C
male;group C;high school;standard;none;0;71;66;65;70-79;60-69;60-69;C;D;D
female;group D;master's degree;standard;completed;1;77;82;91;70-79;80-89;90-100;C;B;A
male;group C;associate's degree;standard;none;0;83;72;78;80-89;70-79;70-79;B;C;C
male;group B;bachelor's degree;standard;none;0;63;71;69;60-69;70-79;60-69;D;C;D
female;group D;associate's degree;free/reduced;none;0;56;65;63;0-59;60-69;60-69;F;D;D
female;group C;high school;free/reduced;completed;1;67;79;84;60-69;70-79;80-89;D;C;B
female;group E;high school;standard;none;0;75;86;79;70-79;80-89;70-79;C;B;C
female;group C;some college;standard;none;0;71;81;80;70-79;80-89;80-89;C;B;B
female;group C;some high school;free/reduced;none;0;43;53;53;0-59;0-59;0-59;F;F;F
female;group C;high school;free/reduced;none;0;41;46;43;0-59;0-59;0-59;F;F;F
female;group C;some college;standard;none;0;82;90;94;80-89;90-100;90-100;B;A;A
male;group C;some college;standard;none;0;61;61;62;60-69;60-69;60-69;D;D;D
male;group A;some college;free/reduced;none;0;28;23;19;0-59;0-59;0-59;F;F;F
male;group C;associate's degree;standard;completed;1;82;75;77;80-89;70-79;70-79;B;C;C
female;group B;some high school;standard;none;0;41;55;51;0-59;0-59;0-59;F;F;F
male;group C;high school;standard;none;0;71;60;61;70-79;60-69;60-69;C;D;D
male;group C;associate's degree;standard;none;0;47;37;35;0-59;0-59;0-59;F;F;F
male;group E;associate's degree;standard;completed;1;62;56;53;60-69;0-59;0-59;D;F;F
male;group B;associate's degree;standard;none;0;90;78;81;90-100;70-79;80-89;A;C;B
female;group C;bachelor's degree;standard;none;0;83;93;95;80-89;90-100;90-100;B;A;A
female;group B;some college;free/reduced;none;0;61;68;66;60-69;60-69;60-69;D;D;D
male;group D;some high school;standard;completed;1;76;70;69;70-79;70-79;60-69;C;C;D
male;group C;associate's degree;standard;none;0;49;51;43;0-59;0-59;0-59;F;F;F
female;group B;some high school;free/reduced;none;0;24;38;27;0-59;0-59;0-59;F;F;F
female;group D;some high school;free/reduced;completed;1;35;55;60;0-59;0-59;60-69;F;F;D
male;group C;high school;free/reduced;none;0;58;61;52;0-59;60-69;0-59;F;D;F
female;group C;high school;standard;none;0;61;73;63;60-69;70-79;60-69;D;C;D
female;group B;high school;standard;completed;1;69;76;74;60-69;70-79;70-79;D;C;C
male;group D;associate's degree;standard;completed;1;67;72;67;60-69;70-79;60-69;D;C;D
male;group D;some college;standard;none;0;79;73;67;70-79;70-79;60-69;C;C;D
female;group C;high school;standard;none;0;72;80;75;70-79;80-89;70-79;C;B;C
male;group B;some college;standard;none;0;62;61;57;60-69;60-69;0-59;D;D;F
female;group C;bachelor's degree;standard;completed;1;77;94;95;70-79;90-100;90-100;C;A;A
male;group D;high school;free/reduced;none;0;75;74;66;70-79;70-79;60-69;C;C;D
male;group E;associate's degree;standard;none;0;87;74;76;80-89;70-79;70-79;B;C;C
female;group B;bachelor's degree;standard;none;0;52;65;69;0-59;60-69;60-69;F;D;D
male;group E;some college;standard;none;0;66;57;52;60-69;0-59;0-59;D;F;F
female;group C;some college;standard;completed;1;63;78;80;60-69;70-79;80-89;D;C;B
female;group C;associate's degree;standard;none;0;46;58;57;0-59;0-59;0-59;F;F;F
female;group C;some college;standard;none;0;59;71;70;0-59;70-79;70-79;F;C;C
female;group B;bachelor's degree;standard;none;0;61;72;70;60-69;70-79;70-79;D;C;C
male;group A;associate's degree;standard;none;0;63;61;61;60-69;60-69;60-69;D;D;D
female;group C;some college;free/reduced;completed;1;42;66;69;0-59;60-69;60-69;F;D;D
male;group D;some college;free/reduced;none;0;59;62;61;0-59;60-69;60-69;F;D;D
female;group D;some college;standard;none;0;80;90;89;80-89;90-100;80-89;B;A;B
female;group B;high school;standard;none;0;58;62;59;0-59;60-69;0-59;F;D;F
male;group B;some high school;standard;completed;1;85;84;78;80-89;80-89;70-79;B;B;C
female;group C;some college;standard;none;0;52;58;58;0-59;0-59;0-59;F;F;F
female;group D;some high school;free/reduced;none;0;27;34;32;0-59;0-59;0-59;F;F;F
male;group C;some college;standard;none;0;59;60;58;0-59;60-69;0-59;F;D;F
male;group A;bachelor's degree;free/reduced;completed;1;49;58;60;0-59;0-59;60-69;F;F;D
male;group C;high school;standard;completed;1;69;58;53;60-69;0-59;0-59;D;F;F
male;group C;bachelor's degree;free/reduced;none;0;61;66;61;60-69;60-69;60-69;D;D;D
female;group A;some high school;free/reduced;none;0;44;64;58;0-59;60-69;0-59;F;D;F
female;group D;some high school;standard;none;0;73;84;85;70-79;80-89;80-89;C;B;B
male;group E;some college;standard;none;0;84;77;71;80-89;70-79;70-79;B;C;C
female;group C;some college;free/reduced;completed;1;45;73;70;0-59;70-79;70-79;F;C;C
male;group D;some high school;standard;none;0;74;74;72;70-79;70-79;70-79;C;C;C
female;group D;some college;standard;completed;1;82;97;96;80-89;90-100;90-100;B;A;A
female;group D;bachelor's degree;standard;none;0;59;70;73;0-59;70-79;70-79;F;C;C
male;group E;associate's degree;free/reduced;none;0;46;43;41;0-59;0-59;0-59;F;F;F
female;group D;some high school;standard;none;0;80;90;82;80-89;90-100;80-89;B;A;B
female;group D;master's degree;free/reduced;completed;1;85;95;100;80-89;90-100;90-100;B;A;A
female;group A;some high school;standard;none;0;71;83;77;70-79;80-89;70-79;C;B;C
male;group A;bachelor's degree;standard;none;0;66;64;62;60-69;60-69;60-69;D;D;D
female;group B;associate's degree;standard;none;0;80;86;83;80-89;80-89;80-89;B;B;B
male;group C;associate's degree;standard;completed;1;87;100;95;80-89;90-100;90-100;B;A;A
male;group C;master's degree;free/reduced;none;0;79;81;71;70-79;80-89;70-79;C;B;C
female;group E;some high school;free/reduced;none;0;38;49;45;0-59;0-59;0-59;F;F;F
female;group A;some high school;free/reduced;none;0;38;43;43;0-59;0-59;0-59;F;F;F
female;group E;some college;standard;none;0;67;76;75;60-69;70-79;70-79;D;C;C
female;group E;bachelor's degree;standard;none;0;64;73;70;60-69;70-79;70-79;D;C;C
female;group C;associate's degree;free/reduced;none;0;57;78;67;0-59;70-79;60-69;F;C;D
female;group D;high school;standard;none;0;62;64;64;60-69;60-69;60-69;D;D;D
male;group D;master's degree;standard;none;0;73;70;75;70-79;70-79;70-79;C;C;C
male;group E;some high school;free/reduced;completed;1;73;67;59;70-79;60-69;0-59;C;D;F
female;group D;some college;standard;none;0;77;68;77;70-79;60-69;70-79;C;D;C
male;group E;some college;standard;none;0;76;67;67;70-79;60-69;60-69;C;D;D
male;group C;associate's degree;standard;completed;1;57;54;56;0-59;0-59;0-59;F;F;F
female;group C;some high school;standard;completed;1;65;74;77;60-69;70-79;70-79;D;C;C
male;group A;high school;free/reduced;none;0;48;45;41;0-59;0-59;0-59;F;F;F
female;group B;high school;free/reduced;none;0;50;67;63;0-59;60-69;60-69;F;D;D
female;group C;associate's degree;standard;none;0;85;89;95;80-89;80-89;90-100;B;B;A
male;group B;some high school;standard;none;0;74;63;57;70-79;60-69;0-59;C;D;F
male;group D;some high school;standard;none;0;60;59;54;60-69;0-59;0-59;D;F;F
female;group C;some high school;standard;completed;1;59;54;67;0-59;0-59;60-69;F;F;D
male;group A;some college;standard;none;0;53;43;43;0-59;0-59;0-59;F;F;F
female;group A;some college;free/reduced;none;0;49;65;55;0-59;60-69;0-59;F;D;F
female;group D;high school;standard;completed;1;88;99;100;80-89;90-100;90-100;B;A;A
female;group C;high school;standard;none;0;54;59;62;0-59;0-59;60-69;F;F;D
female;group C;some high school;standard;none;0;63;73;68;60-69;70-79;60-69;D;C;D
male;group B;associate's degree;standard;completed;1;65;65;63;60-69;60-69;60-69;D;D;D
female;group B;associate's degree;standard;none;0;82;80;77;80-89;80-89;70-79;B;B;C
female;group D;high school;free/reduced;completed;1;52;57;56;0-59;0-59;0-59;F;F;F
male;group D;associate's degree;standard;completed;1;87;84;85;80-89;80-89;80-89;B;B;B
female;group D;master's degree;standard;completed;1;70;71;74;70-79;70-79;70-79;C;C;C
male;group E;some college;standard;completed;1;84;83;78;80-89;80-89;70-79;B;B;C
male;group D;associate's degree;standard;none;0;71;66;60;70-79;60-69;60-69;C;D;D
male;group B;some high school;standard;completed;1;63;67;67;60-69;60-69;60-69;D;D;D
female;group C;bachelor's degree;free/reduced;completed;1;51;72;79;0-59;70-79;70-79;F;C;C
male;group E;high school;standard;none;0;84;73;69;80-89;70-79;60-69;B;C;D
male;group C;bachelor's degree;standard;completed;1;71;74;68;70-79;70-79;60-69;C;C;D
male;group C;associate's degree;standard;none;0;74;73;67;70-79;70-79;60-69;C;C;D
male;group D;some college;standard;none;0;68;59;62;60-69;0-59;60-69;D;F;D
male;group E;high school;free/reduced;completed;1;57;56;54;0-59;0-59;0-59;F;F;F
female;group C;associate's degree;free/reduced;completed;1;82;93;93;80-89;90-100;90-100;B;A;A
female;group D;high school;standard;completed;1;57;58;64;0-59;0-59;60-69;F;F;D
female;group D;master's degree;free/reduced;completed;1;47;58;67;0-59;0-59;60-69;F;F;D
female;group A;some high school;standard;completed;1;59;85;80;0-59;80-89;80-89;F;B;B
male;group B;some college;free/reduced;none;0;41;39;34;0-59;0-59;0-59;F;F;F
female;group C;some college;free/reduced;none;0;62;67;62;60-69;60-69;60-69;D;D;D
male;group C;bachelor's degree;standard;none;0;86;83;86;80-89;80-89;80-89;B;B;B
male;group C;some high school;free/reduced;none;0;69;71;65;60-69;70-79;60-69;D;C;D
male;group A;some high school;free/reduced;none;0;65;59;53;60-69;0-59;0-59;D;F;F
male;group C;some high school;free/reduced;none;0;68;63;54;60-69;60-69;0-59;D;D;F
male;group C;associate's degree;free/reduced;none;0;64;66;59;60-69;60-69;0-59;D;D;F
female;group C;high school;standard;none;0;61;72;70;60-69;70-79;70-79;D;C;C
male;group C;high school;standard;none;0;61;56;55;60-69;0-59;0-59;D;F;F
female;group A;some high school;free/reduced;none;0;47;59;50;0-59;0-59;0-59;F;F;F
male;group C;some high school;standard;none;0;73;66;66;70-79;60-69;60-69;C;D;D
male;group C;some college;free/reduced;completed;1;50;48;53;0-59;0-59;0-59;F;F;F
male;group D;associate's degree;standard;none;0;75;68;64;70-79;60-69;60-69;C;D;D
male;group D;associate's degree;free/reduced;none;0;75;66;73;70-79;60-69;70-79;C;D;C
male;group C;high school;standard;none;0;70;56;51;70-79;0-59;0-59;C;F;F
male;group D;some high school;standard;completed;1;89;88;82;80-89;80-89;80-89;B;B;B
female;group C;some college;standard;completed;1;67;81;79;60-69;80-89;70-79;D;B;C
female;group D;high school;standard;none;0;78;81;80;70-79;80-89;80-89;C;B;B
female;group A;some high school;free/reduced;none;0;59;73;69;0-59;70-79;60-69;F;C;D
female;group B;associate's degree;standard;none;0;73;83;76;70-79;80-89;70-79;C;B;C
male;group A;some high school;free/reduced;none;0;79;82;73;70-79;80-89;70-79;C;B;C
female;group C;some high school;standard;completed;1;67;74;77;60-69;70-79;70-79;D;C;C
male;group D;some college;free/reduced;none;0;69;66;60;60-69;60-69;60-69;D;D;D
male;group C;high school;standard;completed;1;86;81;80;80-89;80-89;80-89;B;B;B
male;group B;high school;standard;none;0;47;46;42;0-59;0-59;0-59;F;F;F
male;group B;associate's degree;standard;none;0;81;73;72;80-89;70-79;70-79;B;C;C
female;group C;some college;free/reduced;completed;1;64;85;85;60-69;80-89;80-89;D;B;B
female;group E;some college;standard;none;0;100;92;97;90-100;90-100;90-100;A;A;A
female;group C;associate's degree;free/reduced;none;0;65;77;74;60-69;70-79;70-79;D;C;C
male;group C;some college;free/reduced;none;0;65;58;49;60-69;0-59;0-59;D;F;F
female;group C;associate's degree;free/reduced;none;0;53;61;62;0-59;60-69;60-69;F;D;D
male;group C;bachelor's degree;free/reduced;none;0;37;56;47;0-59;0-59;0-59;F;F;F
female;group D;bachelor's degree;standard;none;0;79;89;89;70-79;80-89;80-89;C;B;B
male;group D;associate's degree;free/reduced;none;0;53;54;48;0-59;0-59;0-59;F;F;F
female;group E;bachelor's degree;standard;none;0;100;100;100;90-100;90-100;90-100;A;A;A
male;group B;high school;standard;completed;1;72;65;68;70-79;60-69;60-69;C;D;D
male;group C;bachelor's degree;free/reduced;none;0;53;58;55;0-59;0-59;0-59;F;F;F
male;group B;some college;free/reduced;none;0;54;54;45;0-59;0-59;0-59;F;F;F
female;group E;some college;standard;none;0;71;70;76;70-79;70-79;70-79;C;C;C
female;group C;some college;free/reduced;none;0;77;90;91;70-79;90-100;90-100;C;A;A
male;group A;bachelor's degree;standard;completed;1;75;58;62;70-79;0-59;60-69;C;F;D
female;group C;some college;standard;none;0;84;87;91;80-89;80-89;90-100;B;B;A
female;group D;associate's degree;free/reduced;none;0;26;31;38;0-59;0-59;0-59;F;F;F
male;group A;high school;free/reduced;completed;1;72;67;65;70-79;60-69;60-69;C;D;D
female;group A;high school;free/reduced;completed;1;77;88;85;70-79;80-89;80-89;C;B;B
male;group C;some college;standard;none;0;91;74;76;90-100;70-79;70-79;A;C;C
female;group C;associate's degree;standard;completed;1;83;85;90;80-89;80-89;90-100;B;B;A
female;group C;high school;standard;none;0;63;69;74;60-69;60-69;70-79;D;D;C
female;group C;associate's degree;standard;completed;1;68;86;84;60-69;80-89;80-89;D;B;B
female;group D;some high school;standard;none;0;59;67;61;0-59;60-69;60-69;F;D;D
female;group B;associate's degree;standard;completed;1;90;90;91;90-100;90-100;90-100;A;A;A
female;group D;bachelor's degree;standard;completed;1;71;76;83;70-79;70-79;80-89;C;C;B
male;group E;bachelor's degree;standard;completed;1;76;62;66;70-79;60-69;60-69;C;D;D
male;group D;associate's degree;standard;none;0;80;68;72;80-89;60-69;70-79;B;D;C
female;group D;master's degree;standard;none;0;55;64;70;0-59;60-69;70-79;F;D;C
male;group E;associate's degree;standard;none;0;76;71;67;70-79;70-79;60-69;C;C;D
male;group B;high school;standard;completed;1;73;71;68;70-79;70-79;60-69;C;C;D
female;group D;associate's degree;free/reduced;none;0;52;59;56;0-59;0-59;0-59;F;F;F
male;group C;some college;free/reduced;none;0;68;68;61;60-69;60-69;60-69;D;D;D
male;group A;high school;standard;none;0;59;52;46;0-59;0-59;0-59;F;F;F
female;group B;associate's degree;standard;none;0;49;52;54;0-59;0-59;0-59;F;F;F
male;group C;high school;standard;none;0;70;74;71;70-79;70-79;70-79;C;C;C
male;group D;some college;free/reduced;none;0;61;47;56;60-69;0-59;0-59;D;F;F
female;group C;associate's degree;free/reduced;none;0;60;75;74;60-69;70-79;70-79;D;C;C
male;group B;some high school;standard;completed;1;64;53;57;60-69;0-59;0-59;D;F;F
male;group A;associate's degree;free/reduced;completed;1;79;82;82;70-79;80-89;80-89;C;B;B
female;group A;associate's degree;free/reduced;none;0;65;85;76;60-69;80-89;70-79;D;B;C
female;group C;associate's degree;standard;none;0;64;64;70;60-69;60-69;70-79;D;D;C
female;group C;some college;standard;none;0;83;83;90;80-89;80-89;90-100;B;B;A
female;group C;bachelor's degree;standard;none;0;81;88;90;80-89;80-89;90-100;B;B;A
female;group B;high school;standard;none;0;54;64;68;0-59;60-69;60-69;F;D;D
male;group D;high school;standard;completed;1;68;64;66;60-69;60-69;60-69;D;D;D
female;group C;some college;standard;none;0;54;48;52;0-59;0-59;0-59;F;F;F
female;group D;some college;free/reduced;completed;1;59;78;76;0-59;70-79;70-79;F;C;C
female;group B;some high school;standard;none;0;66;69;68;60-69;60-69;60-69;D;D;D
male;group E;some college;standard;none;0;76;71;72;70-79;70-79;70-79;C;C;C
female;group D;master's degree;standard;none;0;74;79;82;70-79;70-79;80-89;C;C;B
female;group B;associate's degree;standard;completed;1;94;87;92;90-100;80-89;90-100;A;B;A
male;group C;some college;free/reduced;none;0;63;61;54;60-69;60-69;0-59;D;D;F
female;group E;associate's degree;standard;completed;1;95;89;92;90-100;80-89;90-100;A;B;A
female;group D;master's degree;free/reduced;none;0;40;59;54;0-59;0-59;0-59;F;F;F
female;group B;some high school;standard;none;0;82;82;80;80-89;80-89;80-89;B;B;B
male;group A;high school;standard;none;0;68;70;66;60-69;70-79;60-69;D;C;D
male;group B;bachelor's degree;free/reduced;none;0;55;59;54;0-59;0-59;0-59;F;F;F
male;group C;master's degree;standard;none;0;79;78;77;70-79;70-79;70-79;C;C;C
female;group C;bachelor's degree;standard;none;0;86;92;87;80-89;90-100;80-89;B;A;B
male;group D;some college;standard;none;0;76;71;73;70-79;70-79;70-79;C;C;C
male;group A;some high school;standard;none;0;64;50;43;60-69;0-59;0-59;D;F;F
male;group D;some high school;free/reduced;none;0;62;49;52;60-69;0-59;0-59;D;F;F
female;group B;some high school;standard;completed;1;54;61;62;0-59;60-69;60-69;F;D;D
female;group B;master's degree;free/reduced;completed;1;77;97;94;70-79;90-100;90-100;C;A;A
female;group C;some high school;standard;completed;1;76;87;85;70-79;80-89;80-89;C;B;B
female;group D;some college;standard;none;0;74;89;84;70-79;80-89;80-89;C;B;B
female;group E;some college;standard;completed;1;66;74;73;60-69;70-79;70-79;D;C;C
female;group D;some high school;standard;completed;1;66;78;78;60-69;70-79;70-79;D;C;C
female;group B;high school;free/reduced;completed;1;67;78;79;60-69;70-79;70-79;D;C;C
male;group D;some college;standard;none;0;71;49;52;70-79;0-59;0-59;C;F;F
female;group C;associate's degree;standard;none;0;91;86;84;90-100;80-89;80-89;A;B;B
male;group D;bachelor's degree;standard;none;0;69;58;57;60-69;0-59;0-59;D;F;F
male;group C;master's degree;free/reduced;none;0;54;59;50;0-59;0-59;0-59;F;F;F
male;group C;high school;standard;completed;1;53;52;49;0-59;0-59;0-59;F;F;F
male;group E;some college;standard;none;0;68;60;59;60-69;60-69;0-59;D;D;F
male;group C;some high school;free/reduced;completed;1;56;61;60;0-59;60-69;60-69;F;D;D
female;group C;high school;free/reduced;none;0;36;53;43;0-59;0-59;0-59;F;F;F
female;group D;bachelor's degree;free/reduced;none;0;29;41;47;0-59;0-59;0-59;F;F;F
female;group C;associate's degree;standard;none;0;62;74;70;60-69;70-79;70-79;D;C;C
female;group C;associate's degree;standard;completed;1;68;67;73;60-69;60-69;70-79;D;D;C
female;group C;some high school;standard;none;0;47;54;53;0-59;0-59;0-59;F;F;F
male;group E;associate's degree;standard;completed;1;62;61;58;60-69;60-69;0-59;D;D;F
female;group E;associate's degree;standard;completed;1;79;88;94;70-79;80-89;90-100;C;B;A
male;group B;high school;standard;completed;1;73;69;68;70-79;60-69;60-69;C;D;D
female;group C;bachelor's degree;free/reduced;completed;1;66;83;83;60-69;80-89;80-89;D;B;B
male;group C;associate's degree;standard;completed;1;51;60;58;0-59;60-69;0-59;F;D;F
female;group D;high school;standard;none;0;51;66;62;0-59;60-69;60-69;F;D;D
male;group E;bachelor's degree;standard;completed;1;85;66;71;80-89;60-69;70-79;B;D;C
male;group A;associate's degree;standard;completed;1;97;92;86;90-100;90-100;80-89;A;A;B
male;group C;high school;standard;completed;1;75;69;68;70-79;60-69;60-69;C;D;D
male;group D;associate's degree;free/reduced;completed;1;79;82;80;70-79;80-89;80-89;C;B;B
female;group C;associate's degree;standard;none;0;81;77;79;80-89;70-79;70-79;B;C;C
female;group D;associate's degree;standard;none;0;82;95;89;80-89;90-100;80-89;B;A;B
female;group D;master's degree;standard;none;0;64;63;66;60-69;60-69;60-69;D;D;D
male;group E;some high school;free/reduced;completed;1;78;83;80;70-79;80-89;80-89;C;B;B
female;group A;some high school;standard;completed;1;92;100;97;90-100;90-100;90-100;A;A;A
male;group C;high school;standard;completed;1;72;67;64;70-79;60-69;60-69;C;D;D
female;group C;high school;free/reduced;none;0;62;67;64;60-69;60-69;60-69;D;D;D
male;group C;master's degree;standard;none;0;79;72;69;70-79;70-79;60-69;C;C;D
male;group C;some high school;free/reduced;none;0;79;76;65;70-79;70-79;60-69;C;C;D
male;group B;bachelor's degree;free/reduced;completed;1;87;90;88;80-89;90-100;80-89;B;A;B
female;group B;associate's degree;standard;none;0;40;48;50;0-59;0-59;0-59;F;F;F
male;group D;some college;free/reduced;none;0;77;62;64;70-79;60-69;60-69;C;D;D
male;group E;associate's degree;standard;none;0;53;45;40;0-59;0-59;0-59;F;F;F
female;group C;some college;free/reduced;none;0;32;39;33;0-59;0-59;0-59;F;F;F
female;group C;associate's degree;standard;completed;1;55;72;79;0-59;70-79;70-79;F;C;C
male;group C;master's degree;free/reduced;none;0;61;67;66;60-69;60-69;60-69;D;D;D
female;group B;associate's degree;free/reduced;none;0;53;70;70;0-59;70-79;70-79;F;C;C
male;group D;some high school;standard;none;0;73;66;62;70-79;60-69;60-69;C;D;D
female;group D;some college;standard;completed;1;74;75;79;70-79;70-79;70-79;C;C;C
female;group C;some college;standard;none;0;63;74;74;60-69;70-79;70-79;D;C;C
male;group C;bachelor's degree;standard;completed;1;96;90;92;90-100;90-100;90-100;A;A;A
female;group D;some college;free/reduced;completed;1;63;80;80;60-69;80-89;80-89;D;B;B
male;group B;bachelor's degree;free/reduced;none;0;48;51;46;0-59;0-59;0-59;F;F;F
male;group B;associate's degree;standard;none;0;48;43;45;0-59;0-59;0-59;F;F;F
female;group E;bachelor's degree;free/reduced;completed;1;92;100;100;90-100;90-100;90-100;A;A;A
female;group D;master's degree;free/reduced;completed;1;61;71;78;60-69;70-79;70-79;D;C;C
male;group B;high school;free/reduced;none;0;63;48;47;60-69;0-59;0-59;D;F;F
male;group D;bachelor's degree;free/reduced;none;0;68;68;67;60-69;60-69;60-69;D;D;D
male;group B;some college;standard;completed;1;71;75;70;70-79;70-79;70-79;C;C;C
male;group A;bachelor's degree;standard;none;0;91;96;92;90-100;90-100;90-100;A;A;A
female;group C;some college;standard;none;0;53;62;56;0-59;60-69;0-59;F;D;F
female;group C;high school;free/reduced;completed;1;50;66;64;0-59;60-69;60-69;F;D;D
female;group E;high school;standard;none;0;74;81;71;70-79;80-89;70-79;C;B;C
male;group A;associate's degree;free/reduced;completed;1;40;55;53;0-59;0-59;0-59;F;F;F
male;group A;some college;standard;completed;1;61;51;52;60-69;0-59;0-59;D;F;F
female;group B;high school;standard;none;0;81;91;89;80-89;90-100;80-89;B;A;B
female;group B;some college;free/reduced;completed;1;48;56;58;0-59;0-59;0-59;F;F;F
female;group D;master's degree;standard;none;0;53;61;68;0-59;60-69;60-69;F;D;D
female;group D;some high school;standard;none;0;81;97;96;80-89;90-100;90-100;B;A;A
female;group E;some high school;standard;none;0;77;79;80;70-79;70-79;80-89;C;C;B
female;group D;bachelor's degree;free/reduced;none;0;63;73;78;60-69;70-79;70-79;D;C;C
female;group D;associate's degree;standard;completed;1;73;75;80;70-79;70-79;80-89;C;C;B
female;group D;some college;standard;none;0;69;77;77;60-69;70-79;70-79;D;C;C
female;group C;associate's degree;standard;none;0;65;76;76;60-69;70-79;70-79;D;C;C
female;group A;high school;standard;none;0;55;73;73;0-59;70-79;70-79;F;C;C
female;group C;bachelor's degree;free/reduced;none;0;44;63;62;0-59;60-69;60-69;F;D;D
female;group C;some college;standard;none;0;54;64;65;0-59;60-69;60-69;F;D;D
female;group A;some high school;standard;none;0;48;66;65;0-59;60-69;60-69;F;D;D
male;group C;some college;free/reduced;none;0;58;57;54;0-59;0-59;0-59;F;F;F
male;group A;some high school;standard;none;0;71;62;50;70-79;60-69;0-59;C;D;F
male;group E;bachelor's degree;standard;none;0;68;68;64;60-69;60-69;60-69;D;D;D
female;group E;high school;standard;none;0;74;76;73;70-79;70-79;70-79;C;C;C
female;group C;bachelor's degree;standard;completed;1;92;100;99;90-100;90-100;90-100;A;A;A
female;group C;bachelor's degree;standard;completed;1;56;79;72;0-59;70-79;70-79;F;C;C
male;group B;high school;free/reduced;none;0;30;24;15;0-59;0-59;0-59;F;F;F
male;group A;some high school;standard;none;0;53;54;48;0-59;0-59;0-59;F;F;F
female;group D;high school;standard;none;0;69;77;73;60-69;70-79;70-79;D;C;C
female;group D;some high school;standard;none;0;65;82;81;60-69;80-89;80-89;D;B;B
female;group D;master's degree;standard;none;0;54;60;63;0-59;60-69;60-69;F;D;D
female;group C;high school;standard;none;0;29;29;30;0-59;0-59;0-59;F;F;F
female;group E;some college;standard;none;0;76;78;80;70-79;70-79;80-89;C;C;B
male;group D;high school;free/reduced;none;0;60;57;51;60-69;0-59;0-59;D;F;F
male;group D;master's degree;free/reduced;completed;1;84;89;90;80-89;80-89;90-100;B;B;A
male;group C;some high school;standard;none;0;75;72;62;70-79;70-79;60-69;C;C;D
female;group C;associate's degree;standard;none;0;85;84;82;80-89;80-89;80-89;B;B;B
female;group C;master's degree;free/reduced;none;0;40;58;54;0-59;0-59;0-59;F;F;F
female;group E;some college;standard;none;0;61;64;62;60-69;60-69;60-69;D;D;D
female;group B;associate's degree;standard;none;0;58;63;65;0-59;60-69;60-69;F;D;D
male;group D;some college;free/reduced;completed;1;69;60;63;60-69;60-69;60-69;D;D;D
female;group C;some college;standard;none;0;58;59;66;0-59;0-59;60-69;F;F;D
male;group C;bachelor's degree;standard;completed;1;94;90;91;90-100;90-100;90-100;A;A;A
female;group C;associate's degree;standard;none;0;65;77;74;60-69;70-79;70-79;D;C;C
female;group A;associate's degree;standard;none;0;82;93;93;80-89;90-100;90-100;B;A;A
female;group C;high school;standard;none;0;60;68;72;60-69;60-69;70-79;D;D;C
female;group E;bachelor's degree;standard;none;0;37;45;38;0-59;0-59;0-59;F;F;F
male;group D;bachelor's degree;standard;none;0;88;78;83;80-89;70-79;80-89;B;C;B
male;group D;master's degree;standard;none;0;95;81;84;90-100;80-89;80-89;A;B;B
male;group C;associate's degree;free/reduced;completed;1;65;73;68;60-69;70-79;60-69;D;C;D
female;group C;high school;free/reduced;none;0;35;61;54;0-59;60-69;0-59;F;D;F
male;group B;bachelor's degree;free/reduced;none;0;62;63;56;60-69;60-69;0-59;D;D;F
male;group C;high school;free/reduced;completed;1;58;51;52;0-59;0-59;0-59;F;F;F
male;group A;some college;standard;completed;1;100;96;86;90-100;90-100;80-89;A;A;B
female;group E;bachelor's degree;free/reduced;none;0;61;58;62;60-69;0-59;60-69;D;F;D
male;group D;some college;standard;completed;1;100;97;99;90-100;90-100;90-100;A;A;A
male;group B;associate's degree;free/reduced;completed;1;69;70;63;60-69;70-79;60-69;D;C;D
male;group D;associate's degree;standard;none;0;61;48;46;60-69;0-59;0-59;D;F;F
male;group D;some college;free/reduced;none;0;49;57;46;0-59;0-59;0-59;F;F;F
female;group C;some high school;standard;completed;1;44;51;55;0-59;0-59;0-59;F;F;F
male;group D;some college;standard;none;0;67;64;70;60-69;60-69;70-79;D;D;C
male;group B;high school;standard;none;0;79;60;65;70-79;60-69;60-69;C;D;D
female;group B;bachelor's degree;standard;completed;1;66;74;81;60-69;70-79;80-89;D;C;B
female;group C;high school;standard;none;0;75;88;85;70-79;80-89;80-89;C;B;B
male;group D;some high school;standard;none;0;84;84;80;80-89;80-89;80-89;B;B;B
male;group A;high school;standard;none;0;71;74;64;70-79;70-79;60-69;C;C;D
female;group B;high school;free/reduced;completed;1;67;80;81;60-69;80-89;80-89;D;B;B
female;group D;some high school;standard;completed;1;80;92;88;80-89;90-100;80-89;B;A;B
male;group E;some college;standard;none;0;86;76;74;80-89;70-79;70-79;B;C;C
female;group D;associate's degree;standard;none;0;76;74;73;70-79;70-79;70-79;C;C;C
male;group D;high school;standard;none;0;41;52;51;0-59;0-59;0-59;F;F;F
female;group D;associate's degree;free/reduced;completed;1;74;88;90;70-79;80-89;90-100;C;B;A
female;group B;some high school;free/reduced;none;0;72;81;79;70-79;80-89;70-79;C;B;C
female;group E;high school;standard;completed;1;74;79;80;70-79;70-79;80-89;C;C;B
male;group B;high school;standard;none;0;70;65;60;70-79;60-69;60-69;C;D;D
female;group B;bachelor's degree;standard;completed;1;65;81;81;60-69;80-89;80-89;D;B;B
female;group D;associate's degree;standard;none;0;59;70;65;0-59;70-79;60-69;F;C;D
female;group E;high school;free/reduced;none;0;64;62;68;60-69;60-69;60-69;D;D;D
female;group B;high school;standard;none;0;50;53;55;0-59;0-59;0-59;F;F;F
female;group D;some college;standard;completed;1;69;79;81;60-69;70-79;80-89;D;C;B
male;group C;some high school;free/reduced;completed;1;51;56;53;0-59;0-59;0-59;F;F;F
female;group A;high school;standard;completed;1;68;80;76;60-69;80-89;70-79;D;B;C
female;group D;some college;standard;completed;1;85;86;98;80-89;80-89;90-100;B;B;A
female;group A;associate's degree;standard;completed;1;65;70;74;60-69;70-79;70-79;D;C;C
female;group B;some high school;standard;none;0;73;79;79;70-79;70-79;70-79;C;C;C
female;group B;some college;standard;none;0;62;67;67;60-69;60-69;60-69;D;D;D
male;group C;associate's degree;free/reduced;none;0;77;67;64;70-79;60-69;60-69;C;D;D
male;group D;some high school;standard;none;0;69;66;61;60-69;60-69;60-69;D;D;D
female;group D;associate's degree;free/reduced;none;0;43;60;58;0-59;60-69;0-59;F;D;F
male;group D;associate's degree;standard;none;0;90;87;85;90-100;80-89;80-89;A;B;B
male;group C;some college;free/reduced;none;0;74;77;73;70-79;70-79;70-79;C;C;C
male;group C;some high school;standard;none;0;73;66;63;70-79;60-69;60-69;C;D;D
female;group D;some college;free/reduced;none;0;55;71;69;0-59;70-79;60-69;F;C;D
female;group C;high school;standard;none;0;65;69;67;60-69;60-69;60-69;D;D;D
male;group D;associate's degree;standard;none;0;80;63;63;80-89;60-69;60-69;B;D;D
female;group C;some high school;free/reduced;completed;1;50;60;60;0-59;60-69;60-69;F;D;D
female;group C;some college;free/reduced;completed;1;63;73;71;60-69;70-79;70-79;D;C;C
female;group B;bachelor's degree;free/reduced;none;0;77;85;87;70-79;80-89;80-89;C;B;B
male;group C;some college;standard;none;0;73;74;61;70-79;70-79;60-69;C;C;D
male;group D;associate's degree;standard;completed;1;81;72;77;80-89;70-79;70-79;B;C;C
female;group C;high school;free/reduced;none;0;66;76;68;60-69;70-79;60-69;D;C;D
male;group D;associate's degree;free/reduced;none;0;52;57;50;0-59;0-59;0-59;F;F;F
female;group C;some college;standard;none;0;69;78;76;60-69;70-79;70-79;D;C;C
female;group C;associate's degree;standard;completed;1;65;84;84;60-69;80-89;80-89;D;B;B
female;group D;high school;standard;completed;1;69;77;78;60-69;70-79;70-79;D;C;C
female;group B;some college;standard;completed;1;50;64;66;0-59;60-69;60-69;F;D;D
female;group E;some college;standard;completed;1;73;78;76;70-79;70-79;70-79;C;C;C
female;group C;some high school;standard;completed;1;70;82;76;70-79;80-89;70-79;C;B;C
male;group D;associate's degree;free/reduced;none;0;81;75;78;80-89;70-79;70-79;B;C;C
male;group D;some college;free/reduced;none;0;63;61;60;60-69;60-69;60-69;D;D;D
female;group D;high school;standard;none;0;67;72;74;60-69;70-79;70-79;D;C;C
male;group B;high school;standard;none;0;60;68;60;60-69;60-69;60-69;D;D;D
male;group B;high school;standard;none;0;62;55;54;60-69;0-59;0-59;D;F;F
female;group C;some high school;free/reduced;completed;1;29;40;44;0-59;0-59;0-59;F;F;F
male;group B;some college;standard;completed;1;62;66;68;60-69;60-69;60-69;D;D;D
female;group E;master's degree;standard;completed;1;94;99;100;90-100;90-100;90-100;A;A;A
male;group E;some college;standard;completed;1;85;75;68;80-89;70-79;60-69;B;C;D
male;group D;associate's degree;free/reduced;none;0;77;78;73;70-79;70-79;70-79;C;C;C
male;group A;high school;free/reduced;none;0;53;58;44;0-59;0-59;0-59;F;F;F
male;group E;some college;free/reduced;none;0;93;90;83;90-100;90-100;80-89;A;A;B
female;group C;associate's degree;standard;none;0;49;53;53;0-59;0-59;0-59;F;F;F
female;group E;associate's degree;free/reduced;none;0;73;76;78;70-79;70-79;70-79;C;C;C
female;group C;bachelor's degree;free/reduced;completed;1;66;74;81;60-69;70-79;80-89;D;C;B
female;group D;associate's degree;standard;none;0;77;77;73;70-79;70-79;70-79;C;C;C
female;group C;some high school;standard;none;0;49;63;56;0-59;60-69;0-59;F;D;F
female;group D;some college;free/reduced;none;0;79;89;86;70-79;80-89;80-89;C;B;B
female;group C;associate's degree;standard;completed;1;75;82;90;70-79;80-89;90-100;C;B;A
female;group A;bachelor's degree;standard;none;0;59;72;70;0-59;70-79;70-79;F;C;C
female;group D;associate's degree;standard;completed;1;57;78;79;0-59;70-79;70-79;F;C;C
male;group C;high school;free/reduced;none;0;66;66;59;60-69;60-69;0-59;D;D;F
female;group E;bachelor's degree;standard;completed;1;79;81;82;70-79;80-89;80-89;C;B;B
female;group B;some high school;standard;none;0;57;67;72;0-59;60-69;70-79;F;D;C
male;group A;bachelor's degree;standard;completed;1;87;84;87;80-89;80-89;80-89;B;B;B
female;group D;some college;standard;none;0;63;64;67;60-69;60-69;60-69;D;D;D
female;group B;some high school;free/reduced;completed;1;59;63;64;0-59;60-69;60-69;F;D;D
male;group A;bachelor's degree;free/reduced;none;0;62;72;65;60-69;70-79;60-69;D;C;D
male;group D;high school;standard;none;0;46;34;36;0-59;0-59;0-59;F;F;F
male;group C;some college;standard;none;0;66;59;52;60-69;0-59;0-59;D;F;F
male;group D;high school;standard;none;0;89;87;79;80-89;80-89;70-79;B;B;C
female;group D;associate's degree;free/reduced;completed;1;42;61;58;0-59;60-69;0-59;F;D;F
male;group C;some college;standard;completed;1;93;84;90;90-100;80-89;90-100;A;B;A
female;group E;some high school;standard;completed;1;80;85;85;80-89;80-89;80-89;B;B;B
female;group D;some college;standard;none;0;98;100;99;90-100;90-100;90-100;A;A;A
male;group D;master's degree;standard;none;0;81;81;84;80-89;80-89;80-89;B;B;B
female;group B;some high school;standard;completed;1;60;70;74;60-69;70-79;70-79;D;C;C
female;group B;associate's degree;free/reduced;completed;1;76;94;87;70-79;90-100;80-89;C;A;B
male;group C;associate's degree;standard;completed;1;73;78;72;70-79;70-79;70-79;C;C;C
female;group C;associate's degree;standard;completed;1;96;96;99;90-100;90-100;90-100;A;A;A
female;group C;high school;standard;none;0;76;76;74;70-79;70-79;70-79;C;C;C
male;group E;associate's degree;free/reduced;completed;1;91;73;80;90-100;70-79;80-89;A;C;B
female;group C;some college;free/reduced;none;0;62;72;70;60-69;70-79;70-79;D;C;C
male;group D;some high school;free/reduced;completed;1;55;59;59;0-59;0-59;0-59;F;F;F
female;group B;some high school;free/reduced;completed;1;74;90;88;70-79;90-100;80-89;C;A;B
male;group C;high school;standard;none;0;50;48;42;0-59;0-59;0-59;F;F;F
male;group B;some college;standard;none;0;47;43;41;0-59;0-59;0-59;F;F;F
male;group E;some college;standard;completed;1;81;74;71;80-89;70-79;70-79;B;C;C
female;group E;associate's degree;standard;completed;1;65;75;77;60-69;70-79;70-79;D;C;C
male;group E;some high school;standard;completed;1;68;51;57;60-69;0-59;0-59;D;F;F
female;group D;high school;free/reduced;none;0;73;92;84;70-79;90-100;80-89;C;A;B
male;group C;some college;standard;none;0;53;39;37;0-59;0-59;0-59;F;F;F
female;group B;associate's degree;free/reduced;completed;1;68;77;80;60-69;70-79;80-89;D;C;B
male;group A;some high school;free/reduced;none;0;55;46;43;0-59;0-59;0-59;F;F;F
female;group C;some college;standard;completed;1;87;89;94;80-89;80-89;90-100;B;B;A
male;group D;some high school;standard;none;0;55;47;44;0-59;0-59;0-59;F;F;F
female;group E;some college;free/reduced;none;0;53;58;57;0-59;0-59;0-59;F;F;F
male;group C;master's degree;standard;none;0;67;57;59;60-69;0-59;0-59;D;F;F
male;group C;associate's degree;standard;none;0;92;79;84;90-100;70-79;80-89;A;C;B
female;group B;some college;free/reduced;completed;1;53;66;73;0-59;60-69;70-79;F;D;C
male;group D;associate's degree;standard;none;0;81;71;73;80-89;70-79;70-79;B;C;C
male;group C;high school;free/reduced;none;0;61;60;55;60-69;60-69;0-59;D;D;F
male;group D;bachelor's degree;standard;none;0;80;73;72;80-89;70-79;70-79;B;C;C
female;group A;associate's degree;free/reduced;none;0;37;57;56;0-59;0-59;0-59;F;F;F
female;group C;high school;standard;none;0;81;84;82;80-89;80-89;80-89;B;B;B
female;group C;associate's degree;standard;completed;1;59;73;72;0-59;70-79;70-79;F;C;C
male;group B;some college;free/reduced;none;0;55;55;47;0-59;0-59;0-59;F;F;F
male;group D;associate's degree;standard;none;0;72;79;74;70-79;70-79;70-79;C;C;C
male;group D;high school;standard;none;0;69;75;71;60-69;70-79;70-79;D;C;C
male;group C;some college;standard;none;0;69;64;68;60-69;60-69;60-69;D;D;D
female;group C;bachelor's degree;free/reduced;none;0;50;60;59;0-59;60-69;0-59;F;D;F
male;group B;some college;standard;completed;1;87;84;86;80-89;80-89;80-89;B;B;B
male;group D;some high school;standard;completed;1;71;69;68;70-79;60-69;60-69;C;D;D
male;group E;some college;standard;none;0;68;72;65;60-69;70-79;60-69;D;C;D
male;group C;master's degree;free/reduced;completed;1;79;77;75;70-79;70-79;70-79;C;C;C
female;group C;some high school;standard;completed;1;77;90;85;70-79;90-100;80-89;C;A;B
male;group C;associate's degree;free/reduced;none;0;58;55;53;0-59;0-59;0-59;F;F;F
female;group E;associate's degree;standard;none;0;84;95;92;80-89;90-100;90-100;B;A;A
male;group D;some college;standard;none;0;55;58;52;0-59;0-59;0-59;F;F;F
male;group E;bachelor's degree;free/reduced;completed;1;70;68;72;70-79;60-69;70-79;C;D;C
female;group D;some college;free/reduced;completed;1;52;59;65;0-59;0-59;60-69;F;F;D
male;group B;some college;standard;completed;1;69;77;77;60-69;70-79;70-79;D;C;C
female;group C;high school;free/reduced;none;0;53;72;64;0-59;70-79;60-69;F;C;D
female;group D;some high school;standard;none;0;48;58;54;0-59;0-59;0-59;F;F;F
male;group D;some high school;standard;completed;1;78;81;86;70-79;80-89;80-89;C;B;B
female;group B;high school;standard;none;0;62;62;63;60-69;60-69;60-69;D;D;D
male;group D;some college;standard;none;0;60;63;59;60-69;60-69;0-59;D;D;F
female;group B;high school;standard;none;0;74;72;72;70-79;70-79;70-79;C;C;C
female;group C;high school;standard;completed;1;58;75;77;0-59;70-79;70-79;F;C;C
male;group B;high school;standard;completed;1;76;62;60;70-79;60-69;60-69;C;D;D
female;group D;some high school;standard;none;0;68;71;75;60-69;70-79;70-79;D;C;C
male;group A;some college;free/reduced;none;0;58;60;57;0-59;60-69;0-59;F;D;F
male;group B;high school;standard;none;0;52;48;49;0-59;0-59;0-59;F;F;F
male;group D;bachelor's degree;standard;none;0;75;73;74;70-79;70-79;70-79;C;C;C
female;group B;some high school;free/reduced;completed;1;52;67;72;0-59;60-69;70-79;F;D;C
female;group C;bachelor's degree;free/reduced;none;0;62;78;79;60-69;70-79;70-79;D;C;C
male;group B;some college;standard;none;0;66;65;60;60-69;60-69;60-69;D;D;D
female;group B;some high school;free/reduced;none;0;49;58;55;0-59;0-59;0-59;F;F;F
female;group B;high school;standard;none;0;66;72;70;60-69;70-79;70-79;D;C;C
female;group C;some college;free/reduced;none;0;35;44;43;0-59;0-59;0-59;F;F;F
female;group A;some college;standard;completed;1;72;79;82;70-79;70-79;80-89;C;C;B
male;group E;associate's degree;standard;completed;1;94;85;82;90-100;80-89;80-89;A;B;B
female;group D;associate's degree;free/reduced;none;0;46;56;57;0-59;0-59;0-59;F;F;F
female;group B;master's degree;standard;none;0;77;90;84;70-79;90-100;80-89;C;A;B
female;group B;high school;free/reduced;completed;1;76;85;82;70-79;80-89;80-89;C;B;B
female;group C;associate's degree;standard;completed;1;52;59;62;0-59;0-59;60-69;F;F;D
male;group C;bachelor's degree;standard;completed;1;91;81;79;90-100;80-89;70-79;A;B;C
female;group B;some high school;standard;completed;1;32;51;44;0-59;0-59;0-59;F;F;F
female;group E;some high school;free/reduced;none;0;72;79;77;70-79;70-79;70-79;C;C;C
female;group B;some college;standard;none;0;19;38;32;0-59;0-59;0-59;F;F;F
male;group C;associate's degree;free/reduced;none;0;68;65;61;60-69;60-69;60-69;D;D;D
female;group C;master's degree;free/reduced;none;0;52;65;61;0-59;60-69;60-69;F;D;D
female;group B;high school;standard;none;0;48;62;60;0-59;60-69;60-69;F;D;D
female;group D;some college;free/reduced;none;0;60;66;70;60-69;60-69;70-79;D;D;C
male;group D;high school;free/reduced;none;0;66;74;69;60-69;70-79;60-69;D;C;D
male;group E;some high school;standard;completed;1;89;84;77;80-89;80-89;70-79;B;B;C
female;group B;high school;standard;none;0;42;52;51;0-59;0-59;0-59;F;F;F
female;group E;associate's degree;free/reduced;completed;1;57;68;73;0-59;60-69;70-79;F;D;C
male;group D;high school;standard;none;0;70;70;70;70-79;70-79;70-79;C;C;C
female;group E;associate's degree;free/reduced;none;0;70;84;81;70-79;80-89;80-89;C;B;B
male;group E;some college;standard;none;0;69;60;54;60-69;60-69;0-59;D;D;F
female;group C;associate's degree;standard;none;0;52;55;57;0-59;0-59;0-59;F;F;F
male;group C;some high school;standard;completed;1;67;73;68;60-69;70-79;60-69;D;C;D
male;group C;some high school;standard;completed;1;76;80;73;70-79;80-89;70-79;C;B;C
female;group E;associate's degree;standard;none;0;87;94;95;80-89;90-100;90-100;B;A;A
female;group B;some college;standard;none;0;82;85;87;80-89;80-89;80-89;B;B;B
female;group C;some college;standard;none;0;73;76;78;70-79;70-79;70-79;C;C;C
male;group A;some college;free/reduced;none;0;75;81;74;70-79;80-89;70-79;C;B;C
female;group D;some college;free/reduced;none;0;64;74;75;60-69;70-79;70-79;D;C;C
female;group E;high school;free/reduced;none;0;41;45;40;0-59;0-59;0-59;F;F;F
male;group C;high school;standard;none;0;90;75;69;90-100;70-79;60-69;A;C;D
male;group B;bachelor's degree;standard;none;0;59;54;51;0-59;0-59;0-59;F;F;F
male;group A;some high school;standard;none;0;51;31;36;0-59;0-59;0-59;F;F;F
male;group A;high school;free/reduced;none;0;45;47;49;0-59;0-59;0-59;F;F;F
female;group C;master's degree;standard;completed;1;54;64;67;0-59;60-69;60-69;F;D;D
male;group E;some high school;standard;completed;1;87;84;76;80-89;80-89;70-79;B;B;C
female;group C;high school;standard;none;0;72;80;83;70-79;80-89;80-89;C;B;B
male;group B;some high school;standard;completed;1;94;86;87;90-100;80-89;80-89;A;B;B
female;group A;bachelor's degree;standard;none;0;45;59;64;0-59;0-59;60-69;F;F;D
male;group D;bachelor's degree;free/reduced;completed;1;61;70;76;60-69;70-79;70-79;D;C;C
female;group B;high school;free/reduced;none;0;60;72;68;60-69;70-79;60-69;D;C;D
female;group C;some high school;standard;none;0;77;91;88;70-79;90-100;80-89;C;A;B
female;group A;some high school;standard;completed;1;85;90;92;80-89;90-100;90-100;B;A;A
female;group D;bachelor's degree;free/reduced;none;0;78;90;93;70-79;90-100;90-100;C;A;A
male;group E;some college;free/reduced;completed;1;49;52;51;0-59;0-59;0-59;F;F;F
female;group B;high school;free/reduced;none;0;71;87;82;70-79;80-89;80-89;C;B;B
female;group C;some high school;free/reduced;none;0;48;58;52;0-59;0-59;0-59;F;F;F
male;group C;high school;standard;none;0;62;67;58;60-69;60-69;0-59;D;D;F
female;group C;associate's degree;free/reduced;completed;1;56;68;70;0-59;60-69;70-79;F;D;C
female;group C;some high school;standard;none;0;65;69;76;60-69;60-69;70-79;D;D;C
female;group D;some high school;free/reduced;completed;1;69;86;81;60-69;80-89;80-89;D;B;B
male;group B;some high school;standard;none;0;68;54;53;60-69;0-59;0-59;D;F;F
female;group A;some college;free/reduced;none;0;61;60;57;60-69;60-69;0-59;D;D;F
female;group C;bachelor's degree;free/reduced;completed;1;74;86;89;70-79;80-89;80-89;C;B;B
male;group A;bachelor's degree;standard;none;0;64;60;58;60-69;60-69;0-59;D;D;F
female;group B;high school;standard;completed;1;77;82;89;70-79;80-89;80-89;C;B;B
male;group B;some college;standard;none;0;58;50;45;0-59;0-59;0-59;F;F;F
female;group C;high school;standard;completed;1;60;64;74;60-69;60-69;70-79;D;D;C
male;group E;high school;standard;none;0;73;64;57;70-79;60-69;0-59;C;D;F
female;group A;high school;standard;completed;1;75;82;79;70-79;80-89;70-79;C;B;C
male;group B;associate's degree;free/reduced;completed;1;58;57;53;0-59;0-59;0-59;F;F;F
female;group C;associate's degree;standard;none;0;66;77;73;60-69;70-79;70-79;D;C;C
female;group D;high school;free/reduced;none;0;39;52;46;0-59;0-59;0-59;F;F;F
male;group C;some high school;standard;none;0;64;58;51;60-69;0-59;0-59;D;F;F
female;group B;high school;free/reduced;completed;1;23;44;36;0-59;0-59;0-59;F;F;F
male;group B;some college;free/reduced;completed;1;74;77;76;70-79;70-79;70-79;C;C;C
female;group D;some high school;free/reduced;completed;1;40;65;64;0-59;60-69;60-69;F;D;D
male;group E;master's degree;standard;none;0;90;85;84;90-100;80-89;80-89;A;B;B
male;group C;master's degree;standard;completed;1;91;85;85;90-100;80-89;80-89;A;B;B
male;group D;high school;standard;none;0;64;54;50;60-69;0-59;0-59;D;F;F
female;group C;high school;standard;none;0;59;72;68;0-59;70-79;60-69;F;C;D
male;group D;associate's degree;standard;none;0;80;75;69;80-89;70-79;60-69;B;C;D
male;group C;master's degree;standard;none;0;71;67;67;70-79;60-69;60-69;C;D;D
female;group A;high school;standard;none;0;61;68;63;60-69;60-69;60-69;D;D;D
female;group E;some college;standard;none;0;87;85;93;80-89;80-89;90-100;B;B;A
male;group E;some high school;standard;none;0;82;67;61;80-89;60-69;60-69;B;D;D
male;group C;some high school;standard;none;0;62;64;55;60-69;60-69;0-59;D;D;F
female;group B;bachelor's degree;standard;none;0;97;97;96;90-100;90-100;90-100;A;A;A
male;group B;some college;free/reduced;none;0;75;68;65;70-79;60-69;60-69;C;D;D
female;group C;bachelor's degree;standard;none;0;65;79;81;60-69;70-79;80-89;D;C;B
male;group B;high school;standard;completed;1;52;49;46;0-59;0-59;0-59;F;F;F
male;group C;associate's degree;free/reduced;none;0;87;73;72;80-89;70-79;70-79;B;C;C
female;group C;associate's degree;standard;none;0;53;62;53;0-59;60-69;0-59;F;D;F
female;group E;master's degree;free/reduced;none;0;81;86;87;80-89;80-89;80-89;B;B;B
male;group D;bachelor's degree;free/reduced;completed;1;39;42;38;0-59;0-59;0-59;F;F;F
female;group C;some college;standard;completed;1;71;71;80;70-79;70-79;80-89;C;C;B
male;group C;associate's degree;standard;none;0;97;93;91;90-100;90-100;90-100;A;A;A
male;group D;some college;standard;completed;1;82;82;88;80-89;80-89;80-89;B;B;B
male;group C;high school;free/reduced;none;0;59;53;52;0-59;0-59;0-59;F;F;F
male;group B;associate's degree;standard;none;0;61;42;41;60-69;0-59;0-59;D;F;F
male;group E;associate's degree;free/reduced;completed;1;78;74;72;70-79;70-79;70-79;C;C;C
male;group C;associate's degree;free/reduced;none;0;49;51;51;0-59;0-59;0-59;F;F;F
male;group B;high school;standard;none;0;59;58;47;0-59;0-59;0-59;F;F;F
female;group C;some college;standard;completed;1;70;72;76;70-79;70-79;70-79;C;C;C
male;group B;associate's degree;standard;completed;1;82;84;78;80-89;80-89;70-79;B;B;C
male;group E;associate's degree;free/reduced;none;0;90;90;82;90-100;90-100;80-89;A;A;B
female;group C;bachelor's degree;free/reduced;none;0;43;62;61;0-59;60-69;60-69;F;D;D
male;group C;some college;free/reduced;none;0;80;64;66;80-89;60-69;60-69;B;D;D
male;group D;some college;standard;none;0;81;82;84;80-89;80-89;80-89;B;B;B
male;group C;some high school;standard;none;0;57;61;54;0-59;60-69;0-59;F;D;F
female;group D;some high school;standard;none;0;59;72;80;0-59;70-79;80-89;F;C;B
female;group D;associate's degree;standard;none;0;64;76;74;60-69;70-79;70-79;D;C;C
male;group C;bachelor's degree;standard;completed;1;63;64;66;60-69;60-69;60-69;D;D;D
female;group E;bachelor's degree;standard;completed;1;71;70;70;70-79;70-79;70-79;C;C;C
female;group B;high school;free/reduced;none;0;64;73;71;60-69;70-79;70-79;D;C;C
male;group D;bachelor's degree;free/reduced;none;0;55;46;44;0-59;0-59;0-59;F;F;F
female;group E;associate's degree;standard;none;0;51;51;54;0-59;0-59;0-59;F;F;F
female;group C;associate's degree;standard;completed;1;62;76;80;60-69;70-79;80-89;D;C;B
female;group E;associate's degree;standard;completed;1;93;100;95;90-100;90-100;90-100;A;A;A
male;group C;high school;free/reduced;none;0;54;72;59;0-59;70-79;0-59;F;C;F
female;group D;some college;free/reduced;none;0;69;65;74;60-69;60-69;70-79;D;D;C
male;group D;high school;free/reduced;none;0;44;51;48;0-59;0-59;0-59;F;F;F
female;group E;some college;standard;completed;1;86;85;91;80-89;80-89;90-100;B;B;A
female;group E;associate's degree;standard;none;0;85;92;85;80-89;90-100;80-89;B;A;B
female;group A;master's degree;free/reduced;none;0;50;67;73;0-59;60-69;70-79;F;D;C
male;group D;some high school;standard;completed;1;88;74;75;80-89;70-79;70-79;B;C;C
female;group E;associate's degree;standard;none;0;59;62;69;0-59;60-69;60-69;F;D;D
female;group E;some high school;free/reduced;none;0;32;34;38;0-59;0-59;0-59;F;F;F
male;group B;high school;free/reduced;none;0;36;29;27;0-59;0-59;0-59;F;F;F
female;group B;some high school;free/reduced;completed;1;63;78;79;60-69;70-79;70-79;D;C;C
male;group D;associate's degree;standard;completed;1;67;54;63;60-69;0-59;60-69;D;F;D
female;group D;some high school;standard;completed;1;65;78;82;60-69;70-79;80-89;D;C;B
male;group D;master's degree;standard;none;0;85;84;89;80-89;80-89;80-89;B;B;B
female;group C;master's degree;standard;none;0;73;78;74;70-79;70-79;70-79;C;C;C
female;group A;high school;free/reduced;completed;1;34;48;41;0-59;0-59;0-59;F;F;F
female;group D;bachelor's degree;free/reduced;completed;1;93;100;100;90-100;90-100;90-100;A;A;A
female;group D;some high school;free/reduced;none;0;67;84;84;60-69;80-89;80-89;D;B;B
male;group D;some college;standard;none;0;88;77;77;80-89;70-79;70-79;B;C;C
male;group B;high school;standard;none;0;57;48;51;0-59;0-59;0-59;F;F;F
female;group D;some college;standard;completed;1;79;84;91;70-79;80-89;90-100;C;B;A
female;group C;bachelor's degree;free/reduced;none;0;67;75;72;60-69;70-79;70-79;D;C;C
male;group E;bachelor's degree;standard;completed;1;70;64;70;70-79;60-69;70-79;C;D;C
male;group D;bachelor's degree;free/reduced;none;0;50;42;48;0-59;0-59;0-59;F;F;F
female;group A;some college;standard;none;0;69;84;82;60-69;80-89;80-89;D;B;B
female;group C;bachelor's degree;standard;completed;1;52;61;66;0-59;60-69;60-69;F;D;D
female;group C;bachelor's degree;free/reduced;completed;1;47;62;66;0-59;60-69;60-69;F;D;D
female;group B;associate's degree;free/reduced;none;0;46;61;55;0-59;60-69;0-59;F;D;F
female;group E;some college;standard;none;0;68;70;66;60-69;70-79;60-69;D;C;D
male;group E;bachelor's degree;standard;completed;1;100;100;100;90-100;90-100;90-100;A;A;A
female;group C;high school;standard;none;0;44;61;52;0-59;60-69;0-59;F;D;F
female;group C;associate's degree;standard;completed;1;57;77;80;0-59;70-79;80-89;F;C;B
male;group B;some college;standard;completed;1;91;96;91;90-100;90-100;90-100;A;A;A
male;group D;high school;free/reduced;none;0;69;70;67;60-69;70-79;60-69;D;C;D
female;group C;high school;free/reduced;none;0;35;53;46;0-59;0-59;0-59;F;F;F
male;group D;high school;standard;none;0;72;66;66;70-79;60-69;60-69;C;D;D
female;group B;associate's degree;free/reduced;none;0;54;65;65;0-59;60-69;60-69;F;D;D
male;group D;high school;free/reduced;none;0;74;70;69;70-79;70-79;60-69;C;C;D
male;group E;some high school;standard;completed;1;74;64;60;70-79;60-69;60-69;C;D;D
male;group E;associate's degree;free/reduced;none;0;64;56;52;60-69;0-59;0-59;D;F;F
female;group D;high school;free/reduced;completed;1;65;61;71;60-69;60-69;70-79;D;D;C
male;group E;associate's degree;free/reduced;completed;1;46;43;44;0-59;0-59;0-59;F;F;F
female;group C;some high school;free/reduced;none;0;48;56;51;0-59;0-59;0-59;F;F;F
male;group C;some college;free/reduced;completed;1;67;74;70;60-69;70-79;70-79;D;C;C
male;group D;some college;free/reduced;none;0;62;57;62;60-69;0-59;60-69;D;F;D
male;group D;associate's degree;free/reduced;completed;1;61;71;73;60-69;70-79;70-79;D;C;C
male;group C;bachelor's degree;free/reduced;completed;1;70;75;74;70-79;70-79;70-79;C;C;C
male;group C;associate's degree;standard;completed;1;98;87;90;90-100;80-89;90-100;A;B;A
male;group D;some college;free/reduced;none;0;70;63;58;70-79;60-69;0-59;C;D;F
male;group A;associate's degree;standard;none;0;67;57;53;60-69;0-59;0-59;D;F;F
female;group E;high school;free/reduced;none;0;57;58;57;0-59;0-59;0-59;F;F;F
male;group D;some college;standard;completed;1;85;81;85;80-89;80-89;80-89;B;B;B
male;group D;some high school;standard;completed;1;77;68;69;70-79;60-69;60-69;C;D;D
male;group C;master's degree;free/reduced;completed;1;72;66;72;70-79;60-69;70-79;C;D;C
female;group D;master's degree;standard;none;0;78;91;96;70-79;90-100;90-100;C;A;A
male;group C;high school;standard;none;0;81;66;64;80-89;60-69;60-69;B;D;D
male;group A;some high school;free/reduced;completed;1;61;62;61;60-69;60-69;60-69;D;D;D
female;group B;high school;standard;none;0;58;68;61;0-59;60-69;60-69;F;D;D
female;group C;associate's degree;standard;none;0;54;61;58;0-59;60-69;0-59;F;D;F
male;group B;high school;standard;none;0;82;82;80;80-89;80-89;80-89;B;B;B
female;group D;some college;free/reduced;none;0;49;58;60;0-59;0-59;60-69;F;F;D
male;group B;some high school;free/reduced;completed;1;49;50;52;0-59;0-59;0-59;F;F;F
female;group E;high school;free/reduced;completed;1;57;75;73;0-59;70-79;70-79;F;C;C
male;group E;high school;standard;none;0;94;73;71;90-100;70-79;70-79;A;C;C
female;group D;some college;standard;completed;1;75;77;83;70-79;70-79;80-89;C;C;B
female;group E;some high school;free/reduced;none;0;74;74;72;70-79;70-79;70-79;C;C;C
male;group C;high school;standard;completed;1;58;52;54;0-59;0-59;0-59;F;F;F
female;group C;some college;standard;none;0;62;69;69;60-69;60-69;60-69;D;D;D
male;group E;associate's degree;standard;none;0;72;57;62;70-79;0-59;60-69;C;F;D
male;group C;some college;standard;none;0;84;87;81;80-89;80-89;80-89;B;B;B
female;group D;master's degree;standard;none;0;92;100;100;90-100;90-100;90-100;A;A;A
female;group D;high school;standard;none;0;45;63;59;0-59;60-69;0-59;F;D;F
male;group C;high school;standard;none;0;75;81;71;70-79;80-89;70-79;C;B;C
female;group A;some college;standard;none;0;56;58;64;0-59;0-59;60-69;F;F;D
female;group D;some high school;free/reduced;none;0;48;54;53;0-59;0-59;0-59;F;F;F
female;group E;associate's degree;standard;none;0;100;100;100;90-100;90-100;90-100;A;A;A
female;group C;some high school;free/reduced;completed;1;65;76;75;60-69;70-79;70-79;D;C;C
male;group D;some college;standard;none;0;72;57;58;70-79;0-59;0-59;C;F;F
female;group D;some college;standard;none;0;62;70;72;60-69;70-79;70-79;D;C;C
male;group A;some high school;standard;completed;1;66;68;64;60-69;60-69;60-69;D;D;D
male;group C;some college;standard;none;0;63;63;60;60-69;60-69;60-69;D;D;D
female;group E;associate's degree;standard;none;0;68;76;67;60-69;70-79;60-69;D;C;D
female;group B;bachelor's degree;standard;none;0;75;84;80;70-79;80-89;80-89;C;B;B
female;group D;bachelor's degree;standard;none;0;89;100;100;80-89;90-100;90-100;B;A;A
male;group C;some high school;standard;completed;1;78;72;69;70-79;70-79;60-69;C;C;D
female;group A;high school;free/reduced;completed;1;53;50;60;0-59;0-59;60-69;F;F;D
female;group D;some college;free/reduced;none;0;49;65;61;0-59;60-69;60-69;F;D;D
female;group A;some college;standard;none;0;54;63;67;0-59;60-69;60-69;F;D;D
female;group C;some college;standard;completed;1;64;82;77;60-69;80-89;70-79;D;B;C
male;group B;some college;free/reduced;completed;1;60;62;60;60-69;60-69;60-69;D;D;D
male;group C;associate's degree;standard;none;0;62;65;58;60-69;60-69;0-59;D;D;F
male;group D;high school;standard;completed;1;55;41;48;0-59;0-59;0-59;F;F;F
female;group C;associate's degree;standard;none;0;91;95;94;90-100;90-100;90-100;A;A;A
female;group B;high school;free/reduced;none;0;8;24;23;0-59;0-59;0-59;F;F;F
male;group D;some high school;standard;none;0;81;78;78;80-89;70-79;70-79;B;C;C
male;group B;some high school;standard;completed;1;79;85;86;70-79;80-89;80-89;C;B;B
female;group A;some college;standard;completed;1;78;87;91;70-79;80-89;90-100;C;B;A
female;group C;some high school;standard;none;0;74;75;82;70-79;70-79;80-89;C;C;B
male;group A;high school;standard;none;0;57;51;54;0-59;0-59;0-59;F;F;F
female;group C;associate's degree;standard;none;0;40;59;51;0-59;0-59;0-59;F;F;F
male;group E;some high school;standard;completed;1;81;75;76;80-89;70-79;70-79;B;C;C
female;group A;some high school;free/reduced;none;0;44;45;45;0-59;0-59;0-59;F;F;F
female;group D;some college;free/reduced;completed;1;67;86;83;60-69;80-89;80-89;D;B;B
male;group E;high school;free/reduced;completed;1;86;81;75;80-89;80-89;70-79;B;B;C
female;group B;some high school;standard;completed;1;65;82;78;60-69;80-89;70-79;D;B;C
female;group D;associate's degree;free/reduced;none;0;55;76;76;0-59;70-79;70-79;F;C;C
female;group D;bachelor's degree;free/reduced;none;0;62;72;74;60-69;70-79;70-79;D;C;C
male;group A;high school;standard;none;0;63;63;62;60-69;60-69;60-69;D;D;D
female;group E;master's degree;standard;completed;1;88;99;95;80-89;90-100;90-100;B;A;A
male;group C;high school;free/reduced;none;0;62;55;55;60-69;0-59;0-59;D;F;F
female;group C;high school;free/reduced;completed;1;59;71;65;0-59;70-79;60-69;F;C;D
female;group D;some college;standard;completed;1;68;78;77;60-69;70-79;70-79;D;C;C
female;group D;some college;free/reduced;none;0;77;86;86;70-79;80-89;80-89;C;B;B
